1	2004	Mazda RX-8	New York	NY	8000	9219	Black	Dealer	4	Yes	No	Yes	No	Yes	No	Yes	No	Yes	No	Yes	Yes	No	Yes	Yes	Yes	Yes	Yes	Yes	No	Yes	Yes	No	Yes	No	No	No	Yes	No	No	No	Yes	There are no signs that this vehicle has ever been smoked in. There is absolutely no evidence of prior damage or repairs to this vehicle. The exterior looks to be in mint condition. There is not a door ding on this vehicle. 	NULL	Mazda	1	NULL
2	2005	Mercedes-Benz E320 SEDAN	DALLAS	TX	49900	45	Pewter	Dealer	6	NO	No	No	No	No	No	No	No	No	No	No	No	No	No	No	No	No	No	No	No	No	No	No	No	No	No	No	No	No	No	No	No	For Information on OPTIONS and FINANCING or for other Questions Please Contact Matt Polster at 214-525-5422 or Kal Farris at 214-443-5248 . 	NULL	Mercedes	2	NULL
3	2003	Jeep Wrangler X	DALLAS	TX	17988	10518	Red	Dealer	6	Yes	Yes	No	No	No	Yes	No	No	Yes	No	No	No	No	Yes	No	No	Yes	No	No	No	Yes	Yes	No	Yes	No	No	No	No	No	No	Yes	No	WRANGLER X * 4 Photos! * Has Warranty! * Vehicle includes: AM/FM Stereo Radio Compact Disc Player Trip Odometer Tachometer Air Conditioning Tilt Steering Wheel Interval Wipers Rear Defroster Rear Window Wiper Driver Side Air Bag Passenger Side Air Bag and Front Bucket Seats. 	NULL	Jeep	3	NULL
4	2001	Mercedes-Benz E430 SEDAN	DALLAS	TX	27999	23792	Black	Dealer	8	NO	No	No	No	No	No	No	No	No	No	No	No	No	No	No	No	No	No	No	No	No	No	No	No	No	No	No	No	No	No	No	No	** One Owner Lease Return**No haggle transaction    1-888-895-0818                                   www.budgetcarsalesdallas.com 	NULL	Mercedes	4	NULL
13	2002	Jaguar Vanden Plas SEDAN	DALLAS	TX	24950	52834	Sedan	Dealer	8	NO	No	No	No	No	No	No	No	No	No	No	No	No	No	No	No	No	No	No	No	No	No	No	No	No	No	No	No	No	No	No	No	2002 JAGUAR XJ8 LWB VANDEN PLAS QUARTZ on sale for $24950!  Please call texascarsdirect.com Ltd. at 800-YES-JAGS with questions or an offer for this vehicle. Our showroom is located at 2718 Forest Lane Dallas$TX  75234. 	NULL	Jaguar	13	NULL
12	2001	Mercedes-Benz C320 SEDAN	ADDISON	TX	24900	32158	Gold	Dealer	6	NO	No	No	No	Yes	Yes	No	No	Yes	No	No	No	No	Yes	No	No	Yes	No	No	No	Yes	Yes	No	Yes	No	No	Yes	No	No	No	No	No	One owner lease return.  Great quality bose sound system with a 6 disc cd changer.  Audio control buttons on steering wheel.  Wood grain trim.  Rear auto sunshade.  Memory seats.  Dual climate control.  Driver passenger rear side and side curtain airbags which is great for saftey.  Very clean come and take a look. 	NULL	Mercedes	12	NULL
14	2003	Mercedes-Benz CLK500 COUPE	BEDFORD	TX	45900	23784	Black	Dealer	8	Yes	No	No	No	Yes	Yes	No	No	No	No	No	No	Yes	No	No	No	No	No	No	No	No	No	No	No	No	No	No	No	No	No	No	No	For special internet pricing please contact Parrish Michener at 817-359-4744 by email at pmichener@parkplacetexas.com or call toll free 888-318-9208 and ask for the pre-owned internet sales department.  An amazing car.......... so much equipment......... Comand system (navigation CD)........ 	NULL	Mercedes	14	NULL
5	1991	Chrysler Imperial SEDAN	DALLAS	TX	5877	43563	Black	Dealer	6	Yes	Yes	No	Yes	No	No	Yes	No	No	No	Yes	Yes	No	No	Yes	Yes	Yes	Yes	Yes	Yes	Yes	Yes	Yes	No	No	No	No	Yes	Yes	No	No	Yes	SEE CRAIG RANDOLPH INTERNET SALES MANAGER FOR ALL INTERNET SALES CALL DIRECT 214-319-1227 THIS HAS TO BE THE NICEST IMPERIAL IN THE STATE OF TEXAS!!!! Air Conditioning Power Door Locks Cruise Control Cassette Leather AM/FM Stereo Power Steering Power Windows Premium Sound Dual Power Seats Imitation Conv 90-amp alternator 600-amp maintenance-free battery w/integral test indicator Front suspension w/gas-charged position-sensitive struts antisway bar Direct ignition system/voltage regulator 16 gallon fuel tank w/tethered fuel cap Pwr-assisted rack & pinion precision-feel steering 4-wheel anti-lock pwr-assisted diagonally split disc brakes Wire wheel covers w/imperial script & locks Front/rear bright grille & grille extensions Body-color vinyl padded landau roof w/bright band molding Crystalline pentastar w/gold eagle molded hood ornament Lower body panels protective urethane coating Counter-balanced hood w/inside release Painted body-side/decklid stripes Body-color body-side moldings Tinted glass (all windows) Concealed halogen headlamps w/auto delay Bright dual pwr outside heated 2-position memory mirrors Lavalier door pull handles 5-mph protection bumpers w/bright bumper bar/rear bumper guards Fender mounted cornering lights Insulated hood pad Wide brushed chrome lower body/door moldings High-mounted center stoplight Dlx 2-spd concealed windshield wiper/washer w/intermittent wipe & aero blades Elect spd control Digital clock Heater/defroster Automatic temp-control air conditioning Pwr decklid pulldown 6-way adj tilt steering column Gray trunk carpeting 2 rear coat hooks Time delay ignition switch light Day/night rearview mirror Dual illum visor vanity mirrors Elect rear window defroster Front door window demisters Message center-inc: graphic display for low washer fluid door/trunk ajar Key-in-ignition/headlights-on/turn signal-on/seat belt warning chimes Pwr door locks w/spd-sensitive actuation Illum entry Pwr an> 	NULL	Chrysler	5	NULL
27	2003	Saturn Vue	HURST	TX	15991	23637	Red	Dealer	4	Yes	Yes	No	No	Yes	Yes	No	Yes	Yes	No	No	No	No	Yes	Yes	Yes	Yes	Yes	No	No	Yes	Yes	Yes	Yes	No	No	No	Yes	No	No	No	No	Power Windows Air Conditioning Power Brakes Cruise Control AM-FM Stereo w/CD Adjustable 3-Pt Frt Seat Belts Security System Child-Proof Rr.Dr.Locks Dual Airbags (SIR) Front Wheel Drive High-Mount Brake Light Emissions - Massachusetts 3-Point Rear Seat Belts Rear Window Defroster Side Guard Door Beams Air ConditioningSecurity FeaturesAutomatic TransmissionPower BrakesPower SteeringPower WindowsTilt Steering Wheel 	NULL	Saturn	27	NULL
19	1998	Dodge Ram Truck QUAD CAB	DALLAS	TX	18888	23209	Silver	Dealer	8	Yes	Yes	No	Yes	No	No	No	No	Yes	No	No	No	No	Yes	Yes	Yes	Yes	Yes	No	No	Yes	Yes	No	Yes	No	No	No	Yes	Yes	Yes	No	No	Bed Liner SLT Power Seat Alloy Wheels Power Steering Power Windows Tilt Wheel Air Conditioning Power Door Locks Cruise Control AM/FM Stereo Single Compact Disc Dual Front Air Bags Steel Tube Step Bars 6''3 cargo box 6650# GVWR Rear-wheel anti-lock brakes 26 gallon fuel tank 136-amp alternator Pwr 4-wheel disc brakes 600-amp maintenance-free battery Front stabilizer bar Pwr rack & pinion steering 3.55 axle ratio HD front/rear shock absorbers Black 6 X 9 exterior mirrors Bright rear bumper w/step pads Variable speed intermittent windshield wipers Bright front bumper Front air dam Bright/black grille Underhood/cargo lamps Removable tailgate Passenger assist handle Air conditioning Rear underseat storage compartment HD vinyl 40/20/40 split bench seat Cigar lighter/pwr outlet Instrument cluster-inc: 120 MPH primary speedometer tachometer Dual note horn Front shoulder belt height adjusters 	NULL	Dodge	19	NULL
185	2003	Toyota Highlander	DALLAS	TX	21991	40875	White	Dealer	6	Yes	No	No	No	No	No	No	No	No	No	No	No	No	No	No	No	No	No	No	No	No	No	No	No	No	No	No	No	No	No	No	No	CALL COOPER WILLIAMS 214-695-5901 DIRECT LINE 	NULL	Toyota	185	NULL
265	1997	Chevrolet S10 Pickup	IRVING	TX	1900	80000	Tan	Dealer	4	NO	No	No	No	No	No	No	No	No	No	No	No	No	No	No	No	No	No	No	No	No	No	No	No	No	No	No	No	No	No	No	No	WITH ALITTLE DENT ON THE BED 	NULL	Chevrolet	265	NULL
6	2004	Jeep Grand Cherokee LAREDO	DALLAS	TX	18488	27220	Blue	Dealer	6	Yes	Yes	No	Yes	Yes	Yes	No	No	Yes	No	No	Yes	No	Yes	Yes	Yes	Yes	Yes	No	No	Yes	Yes	Yes	Yes	No	No	No	Yes	Yes	Yes	Yes	Yes	SEE CRAIG RANDOLPH INTERNET SALES MANAGER FOR ALL INTERNET SALES CALL DIRECT 214-319-1227 Privacy Glass Air Conditioning Power Door Locks Tilt Wheel Cruise Control Dual Front Air Bags Power Windows AM/FM Stereo Single Compact Disc Power Seat Moon Roof Alloy Wheels Power Steering ABS (4-Wheel) Roof Rack 3.55 axle ratio Pwr steering 16 x 7 lux silver aluminum wheels Lock up torque converter Dana 35C/194MM rear axle 625-CCA maintenance-free battery 5150# GVWR Pwr anti-lock 4-wheel disc brakes Full size spare tire (mounted inside) 136-amp alternator Quadra-Coil suspension 20.5 gallon fuel tank P225/75R16 all-season BSW tires 16 steel spare wheel Monotone paint Lower rocker panel cladding Variable intermittent windshield wipers Roof side rails Black windshield moldings Hood insulation Body-color grille Lower body-side cladding Front license plate bracket Halogen headlamps Deep tinted sunscreen glass Tinted front door glass Flip-up liftgate glass Deluxe insulation group Fold away pwr mirrors Tinted windshield glass Rear window wiper/washer Deep-tinted sunscreen glass Cloth high-back front bucket seats Instrument cluster-inc: tachometer Electronic AM/FM stereo radio w/compact disc-inc: cd changer control 12-volt pwr outlet Visor vanity mirrors Passenger assist handles Cargo area storage net/tie down loops 60/40 split folding rear seat 120 MPH primary speedometer Air conditioning Glove box Illuminated entry Instrument cluster w/tachometer Day/night rearview mirror Pwr door locks Accessory pwr delay Fixed antenna Vinyl door trim panel Cargo area w/storage net Pwr accessory delay Auxiliary front 12-volt pwr outlet Lamps-inc: cargo compartment glove box front/rear courtesy rear reading Full-length floor console Full floor carpeting-inc: cargo compartment Tilt steering column Warning chime Speed control Sentry Key theft deterrent system Rear window defroster 6-speakers Manual day/night rearview mirro> 	NULL	Jeep	6	NULL
8	2004	Ford Taurus SES	IRVING	TX	17995	20152	Blue	Dealer	6	Yes	Yes	No	No	No	Yes	No	No	No	No	No	No	No	No	Yes	Yes	Yes	Yes	No	No	No	No	No	No	No	No	No	Yes	No	Yes	Yes	No	TAURUS SES * 4 Photos! * Has Warranty! * It''''s BLOWOUT time at WESTWAY!!! I will not lose your business over price. Come see us today! Email me or better yet CALL DIRECT @ (972)659-2260 and ask for George Call. * Vehicle includes: Power Door Locks Power Windows Power Driver's Seat AM/FM Stereo Radio Alloy Wheels Compact Disc Player Trip Odometer Tachometer Air Conditioning Tilt Steering Wheel Cruise Control and Interval Wipers. 	NULL	Ford	8	NULL
7	1998	Dodge Ram Truck QUAD CAB	DALLAS	TX	17877	34345	Black	Dealer	8	Yes	Yes	No	Yes	No	No	No	No	Yes	No	No	No	No	Yes	Yes	Yes	Yes	Yes	No	Yes	Yes	Yes	No	Yes	No	No	No	Yes	Yes	No	No	No	Air Conditioning Power Steering Power Windows Power Door Locks Dual Front Air Bags SLT Tilt Wheel Cruise Control Single Compact Disc Premium Wheels Bed Liner AM/FM Stereo Bug Deflector 3.55 axle ratio 136-amp alternator 6''3 cargo box HD front/rear shock absorbers 26 gallon fuel tank 6650# GVWR Pwr rack & pinion steering Pwr 4-wheel disc brakes Front stabilizer bar 600-amp maintenance-free battery Rear-wheel anti-lock brakes Bright rear bumper w/step pads Bright/black grille Black 6 X 9 exterior mirrors Removable tailgate Variable speed intermittent windshield wipers Bright front bumper Front air dam Underhood/cargo lamps Rear underseat storage compartment HD vinyl 40/20/40 split bench seat Cigar lighter/pwr outlet Passenger assist handle Instrument cluster-inc: 120 MPH primary speedometer tachometer Air conditioning Dual note horn Front shoulder belt height adjusters 	NULL	Dodge	7	NULL
10	2004	Dodge Stratus SE	DALLAS	TX	16988	9393	Silver	Dealer	4	Yes	Yes	No	No	No	No	No	Yes	Yes	No	No	Yes	No	Yes	Yes	Yes	Yes	Yes	No	No	Yes	Yes	No	Yes	No	No	No	Yes	Yes	Yes	No	Yes	Power Door Locks AM/FM Stereo Dual Front Air Bags Power Seat Alloy Wheels Power Steering Tilt Wheel Single Compact Disc Power Windows Air Conditioning Cruise Control Lock-up torque converter Front stabilizer bar 510 amp maintenance free battery 120 amp alternator Brake/park shift interlock 4-wheel sport suspension Pwr rack & pinion steering 16 gallon fuel tank w/tethered cap Halogen headlights Tinted windows Pwr mirrors Front/rear solar control glass Variable intermittent windshield wipers Black door handles Narrow body-color body-side moldings Black grille Rear 60/40 folding bench seat Color-keyed instrument panel bezel-inc: tachometer Speed sensitive pwr door locks Fixed antenna Cloth low-back front bucket seats Full floor carpeting Base headliner module Speed control Auxiliary 12V pwr outlet Dual visor vanity mirrors Interior lights-inc: trunk Full length console w/cup holders Sport steering wheel w/tilt column Warning lamps-inc: decklid/liftgate/door ajar Pwr trunk release Rear window defroster Air conditioning Trunk internal emergency release Rear 3-point seat belts Front 3-point height adjustable shoulder belts LATCH ready child seat anchor system w/upper tether anchorages Rear door child safety locks 	NULL	Dodge	10	NULL
51	2002	Chevrolet Monte Carlo SS	ARLINGTON	TX	14977	6000	Coupe	Dealer	4	NO	No	No	No	Yes	Yes	No	No	No	No	No	No	No	No	No	No	No	No	No	No	No	No	No	No	No	No	No	No	No	No	No	No	2002 CHEVROLET MONTE CARLO SS auto leather CD all pwr mnrf super nice SUV & more #2C540217 $13917 3m/3K miles warranty absolutely unbeatable call Vandergriff Chevrolet @ 866-708-6595. 	NULL	Chevrolet	51	NULL
35	2002	Ford F150 SUPERCREW	ARLINGTON	TX	21991	60002	Beige	Dealer	8	Yes	Yes	Yes	No	No	No	No	No	No	No	No	No	No	No	No	Yes	Yes	Yes	No	No	No	No	No	No	No	No	No	No	No	No	No	No	60 DAY/2000 MILE LIMITED WARRANTY TO GIVE YOU PEACE OF MIND WHEN YOU DRIVE IT OFF OUR LOT. CALL TED RORK AT(817)822-5236 FOR MORE INFORMATION.running boards towing/camper pkg 4wd or awd STANDARD FEATURES: air conditioning power steering power brakes alarm system lighted entry system digital clock intermittent wipers 	NULL	Ford	35	NULL
32	2001	Jaguar XJ8 L	DALLAS	TX	25950	22400	Blue	Dealer	8	Yes	Yes	Yes	Yes	No	No	Yes	No	Yes	Yes	No	Yes	No	Yes	Yes	Yes	Yes	Yes	Yes	Yes	No	No	Yes	Yes	No	Yes	Yes	Yes	Yes	Yes	Yes	No	This 2001 Jaguar XJ8 LWB XJ8 LWB 4dr Sedan features a 4.0L V8 8cyl GAS powered engine. It is equipped with a automatic transmission. The vehicle is Mistral Blue with a Gray Leather interior. It is offered with the remaining factory warranty. Air Conditioning Cassette Player AM-FM Anti-lock Brake System Passenger Side Airbag Compact Disc Changer Traction Control Climate Control Cruise Control Driver Side Airbag Fog Lamps Intermittent Wipers Keyless Entry Power Door Locks Power Mirrors Powered Driver Seat Power Steering Power Passenger Seat Power Windows Traction Control System Alarm System Side Curtain Airbags Sunroof Steering Wheel Radio Controls Tilt Steering Column Alloy Wheels Leather Interior Surface Alpine Premium Sound System - Contact Bob Hanley for more information. Toll-Free: 800-YES-JAGS or Phone: 972-243-3400 or Email: bob@texascarsdirect.com FAX: 972-243-3500 	NULL	Jaguar	32	NULL
266	1997	Chevrolet Suburban K1998	DALLAS	TX	11900	123641	Brown	Dealer	8	NO	No	No	No	No	No	No	No	No	No	No	No	No	No	No	No	No	No	No	No	No	No	No	No	No	No	No	No	No	No	No	No	we finance!!!! call us today only $11900 with $2250 down 	NULL	Chevrolet	266	NULL
11	2001	Mitsubishi Galant	DALLAS	TX	6449	67417	Beige	Dealer	4	Yes	Yes	No	No	Yes	Yes	No	Yes	Yes	Yes	No	Yes	No	Yes	Yes	Yes	Yes	Yes	No	Yes	Yes	Yes	No	Yes	No	No	No	Yes	Yes	No	No	Yes	Tilt Wheel Single Compact Disc Power Steering Power Door Locks Air Conditioning Cruise Control AM/FM Stereo Dual Front Air Bags Power Windows Independent Macpherson strut front suspension w/coil springs Front/rear stabilizer bar 16.3 gallon fuel tank Pwr front ventilated disc/rear drum brakes Independent multi-link rear suspension w/coil springs Pwr-assist rack & pinion steering Stainless steel exhaust system Color-keyed body-side moldings/door handles Chrome grille Halogen headlamps w/auto-off Variable-intermittent windshield wipers Color-keyed bumpers Color-keyed pwr outside mirrors Integrated front fog lamps Solar tinted glass w/upper windshield shade band Tilt steering wheel Remote releases-inc: hood trunk lid Dual front/rear cup holders Trunk pass-through Premium fabric seating surfaces Center console-inc: armrest storage Pwr door locks w/child safety rear door locks Remote keyless entry Air conditioning w/microfilter AM/FM stereo-inc: CD player 100-watt amp (4) speakers Glass-mounted antenna Locking glove box Courtesy lamps-inc: dome w/fade-out map trunk ignition key cylinder Front/rear floor mats Rear window defroster w/timer Woodgrain trim Dual front door armrests/map pockets Rear bench seat w/headrests Gauges-inc: tachometer dual trip meters Cruise control Dual auxiliary 12-volt pwr outlets LATCH system for child safety seats 3-point rear seat belts for all positions Child safety rear door locks 3-point front seat belts w/height adjustment Side-impact door beams Front/rear crumple zones 	NULL	Mitsubishi	11	NULL
17	2004	Toyota Camry	RICHARDSON	TX	15988	21434	White	Dealer	4	Yes	Yes	No	No	No	Yes	Yes	No	No	No	No	No	No	No	Yes	Yes	Yes	Yes	No	No	No	No	No	No	No	No	No	Yes	No	No	Yes	No	CAMRY * 6 Photos! * Has Warranty! * Vehicle includes: Power Door Locks Power Windows Power Driver's Seat AM/FM Stereo Radio Cassette Player Deluxe Wheel Covers Compact Disc Player Trip Odometer Tachometer Air Conditioning Tilt Steering Wheel and Cruise Control. 	NULL	Toyota	17	NULL
15	2004	Chevrolet Corvette	IRVING	TX	35359	10036	Black	Dealer	8	Yes	Yes	No	Yes	No	No	No	No	Yes	Yes	No	Yes	No	Yes	Yes	Yes	Yes	Yes	Yes	Yes	Yes	Yes	Yes	Yes	No	No	No	Yes	Yes	No	No	No	Power Windows Tilt Wheel Premium Sound Dual Front Air Bags AM/FM Stereo Single Compact Disc Leather Premium Wheels Power Steering ABS (4-Wheel) Traction Control Air Conditioning Power Door Locks Cruise Control Dual Power Seats Suspension Brakes Exhaust outlets Axle Exhaust outlets chrome-plated tips Active handling Brakes 4-wheel antilock 4-wheel disc Exhaust Traction control 18.0 gallon fuel tank Roof panel Hatch rear full-framed with interior remote release Wipers Paint Body structure uniframe includes corrosion-resistant coating Daytime running lamps Glass Body structure Hatch Headlamps halogen power-operated retractable Headlamps Fog lamps Mirrors Seat adjuster Steering wheel Instrumentation Tire Pressure Monitoring System Sound system Antenna Mirror Storage Floormats Steering column Sound system feature Mirror inside rearview manual day/night includes dual reading lights Seats Door locks Windows Cruise control Keyless entry Defogger rear-window electric Air conditioning Visors Lighting Cargo convenience net Console Theft-deterrent system Defogger Antenna integral front and rear Luggage shade Air bag shut-off switch front passenger Air bags Air bag LATCH system 	NULL	Chevrolet	15	NULL
16	2004	Dodge Neon SXT	DALLAS	TX	11388	20060	Flame	Dealer	4	Yes	Yes	No	No	Yes	Yes	No	Yes	Yes	No	No	Yes	No	Yes	Yes	Yes	Yes	Yes	No	No	Yes	Yes	No	Yes	Yes	No	No	Yes	Yes	Yes	Yes	Yes	SEE CRAIG RANDOLPH INTERNET SALES MANAGER FOR ALL INTERNET SALES CALL DIRECT 214-319-1227 Single Compact Disc Air Conditioning Power Door Locks Tilt Wheel Cruise Control Power Steering Power Windows Rear Spoiler AM/FM Stereo Dual Front Air Bags Alloy Wheels Pwr steering cooler 4-wheel independent suspension 12.5 gallon fuel tank 450 CCA maintenance-free battery Front stabilizer bar 120 amp alternator 83 amp alternator Pwr-assisted rack & pinion steering Pwr front disc/rear drum brakes Body-color door handles Body-side moldings Halogen headlights Front side-marker lamps Bright grille Front/rear body-color fascias Variable intermittent windshield wipers Tinted glass Pwr mirrors Cloth low-back bucket seats 12V pwr outlet Air conditioning Rear window defroster Electronic AM/FM stereo radio w/CD player-inc: changer control Fixed antenna Instrument panel stowage bin Full length console w/cup holders Tilt steering column Pwr front windows Pwr trunk release/speed-sensitive door locks Deluxe insulation group Front dome lamp Full floor & cargo area carpeting Diamond-weave instrument panel bezel Tachometer Sentry Key theft deterrent system Rearview mirror w/reading lamps Dual visor vanity mirrors Internal trunk emergency release Front/rear 3-point safety belts Child protection rear door locks Unique child tether restraints 	NULL	Dodge	16	NULL
18	2004	Buick Le Sabre CUSTOM	GRAPEVINE	TX	15594	29193	Burgundy/Gray	Dealer	6	Yes	Yes	No	No	No	Yes	Yes	No	No	No	No	No	No	No	Yes	Yes	Yes	Yes	No	No	No	No	No	No	No	No	No	No	Yes	No	Yes	No	LESABRE CUSTOM * 4 Photos! * Has Warranty! * Leather Interior * Internet Dept. Price Only * Internet Special * Hi David Lusby here. Thank you for considering Freeman to assist you in your upcoming vehicle purchase. Any questions call 817-410-6363. Or come by and ask for David Lusby Internet sales. Additional Warranty and Carfax History Report Available. * Vehicle includes: Power Door Locks Power Windows Power Driver's Seat Power Mirrors AM/FM Stereo Radio Cassette Player Compact Disc Player Steering Wheel Radio Controls Trip Odometer Tachometer and Air Conditioning. 	NULL	Buick	18	NULL
26	1999	Saturn SC1	HURST	TX	4991	72188	Silver	Dealer	4	Yes	Yes	No	No	Yes	Yes	No	No	No	No	No	No	No	No	No	Yes	Yes	Yes	No	No	Yes	Yes	Yes	No	Yes	Yes	No	No	No	No	No	No	Power Sunroof Air Conditioning Rear Spoiler Power Brakes Single Overhead Cam Engine Power Steering 14' Wheels AM-FM Stereo w/CD Coaxial Speakers Front Wheel DriveManual TransmissionPower BrakesPower SteeringTilt Steering Wheel 	NULL	Saturn	26	NULL
332	2003	Pontiac Vibe GT	DALLAS	TX	13999	49783	Gray	Dealer	4	NO	No	No	No	No	No	No	No	No	No	No	No	No	No	No	No	No	No	No	No	No	No	No	No	No	No	No	No	No	No	No	No	This vehicle has a 1999L I4 SFI DOHC engine and a manual transmission.  It includes 27-Dec 13999 FRONTLINE V-SELECT Black VIBE GT PONTIAC and 4-Jan. 	NULL	Pontiac	332	NULL
2093	2004	Chevrolet Blazer	RICHARDSON	TX	18988	14000	Pewter	Dealer	6	NO	No	No	No	No	No	No	No	No	No	No	No	No	No	No	No	No	No	No	No	No	No	No	No	No	No	No	No	No	No	No	No	BLAZER 4WD * Has Warranty! * Vehicle includes: 	NULL	Chevrolet	2093	NULL
2936	2004	Kia Spectra	DALLAS	TX	11200	13140	Brown	Dealer	4	NO	No	No	No	No	No	No	No	No	No	No	No	No	No	No	No	No	No	No	No	No	No	No	No	No	No	No	No	No	No	No	No	We specialize in second chance financing!!! 100% approval. Call 1-866-659-4978. 	NULL	Kia	2936	NULL
2996	2005	Dodge Grand Caravan SPORT	DALLAS	TX	21988	25261	Sky	Dealer	6	NO	No	No	No	No	No	No	No	No	No	No	No	No	No	No	No	No	No	No	No	No	No	No	No	No	No	No	No	No	No	No	No	SUPER NICE/DEALER INSTALLED LEATHER UPGRADES. TAKE A CLOSE LOOK/CERTIFIED VAN WITH 8 YEAR 80K MILES WARRANTY/ASK FOR CRAIG RANDOLPH---214-319-1227 DIRECT LINE 	NULL	Dodge	2996	NULL
20	2004	Chrysler Pacifica	DALLAS	TX	22988	27568	Navy	Dealer	6	Yes	Yes	Yes	Yes	Yes	Yes	No	Yes	Yes	Yes	No	Yes	No	Yes	Yes	Yes	Yes	Yes	No	Yes	Yes	Yes	No	Yes	No	No	No	Yes	Yes	Yes	Yes	No	Cruise Control ABS (4-Wheel) Air Conditioning Single Compact Disc Dual Front Air Bags Dual Power Seats Alloy Wheels Power Steering Power Windows Tilt Wheel AM/FM Stereo Power Door Locks 160-amp alternator MacPherson independent front strut suspension Load leveling & height control Pwr rack & pinion steering 500 CCA maintenance free battery 4-wheel anti-lock disc brakes (ABS) Torque converter lock-up Traction control 5-link independent rear suspension w/shock absorbers 23 gallon fuel tank Automatic halogen headlamps w/off time delay Sunscreen glass Front license plate bracket Liftgate flood lamp Solar control glass Fog lamps Variable intermittent windshield wipers w/washer Rear window wiper w/washer Deluxe insulation group Premium cloth trim Rear folding seat Tire pressure monitoring display Pwr windows w/front & rear 1-touch down feature Universal garage door opener Lights: front courtesy/map Rear grocery bag hooks Leather-wrapped steering wheel w/tilt column & radio controls Vehicle info center Pwr door locks w/central locking Cruise control Air conditioning w/auto temp control Integrated rear window antenna Pwr accessory delay Auto-dimming rearview mirror Dual illuminated visor vanity mirrors Cargo tie-down loops AM/FM stereo w/CD player-inc: CD changer controls Infinity speaker system Auxiliary 12V pwr outlets-inc: (1) front (1) rear 3rd row additional seating Front/rear floor console Instrument cluster-inc: tachometer Pwr adjustable pedals w/memory Sentry key theft deterrent system Security alarm AM/FM stereo w/CD player-inc: CD changer controls Analog clock Auxiliary 12V pwr outlets-inc: (1) front Overhead console Illuminated entry Leather-wrapped shift knob Fold-flat load floor Lights: front courtesy/map rear courtesy/reading glove box door courtesy Floor & cargo area carpeting Keyless entry Rear window defroster Passenger assist handles Dual note horn Front/rear side curtain air bags Child> 	NULL	Chrysler	20	NULL
22	2002	Honda Civic EX	LEWISVILLE	TX	13992	32926	Silver	Dealer	4	NO	Yes	Yes	No	No	No	No	No	No	No	No	Yes	No	No	Yes	Yes	Yes	Yes	No	No	Yes	Yes	Yes	No	No	Yes	No	Yes	Yes	Yes	No	No	CERTIFIED!!! 7-year/100000-mile powertrain warranty and 12-month/12000-mile non-powertrain warranty. Contact our Internet Specialists at 877-752-6704 for more details or to schedule your test drive!alum/alloy wheels compact disc player theft recovery sys STANDARD FEATURES: fwd air conditioning cruise control power door locks w/keyless entry power steering power brakes bucket seats rear bench seat split folding rear seat velour/cloth seats power windows power moonroof power mirrors alarm system lighted entry system digital clock power door locks remote trunk release tilt steering wheel steel wheels intermittent wipers rear window defroster tachometer 	NULL	Honda	22	NULL
25	2004	Honda Civic DX	LEWISVILLE	TX	13991	31310	Silver	Dealer	4	NO	No	No	No	No	No	No	No	No	No	No	No	No	No	No	Yes	Yes	Yes	No	No	Yes	Yes	No	No	No	No	No	No	No	No	No	No	CERTIFIED!!! 7-year/100000-mile powertrain warranty and 12-month/12000-mile non-powertrain warranty. Contact our Internet Specialists at 877-752-6704 for more details or to schedule your test drive!compact disc player STANDARD FEATURES: fwd power steering power brakes bucket seats rear bench seat split folding rear seat velour/cloth seats digital clock remote trunk release tilt steering wheel steel wheels intermittent wipers rear window defroster 	NULL	Honda	25	NULL
23	2004	Jaguar X-Type	DALLAS	TX	25950	10189	Sedan	Dealer	6	Yes	No	No	Yes	Yes	Yes	No	No	Yes	No	Yes	No	No	Yes	No	Yes	Yes	Yes	No	Yes	Yes	Yes	Yes	Yes	No	Yes	No	Yes	Yes	No	No	No	Thanks for your interest in our ONYX WHITE 2004 JAGUAR X-TYPE 3.0 AWD on sale here for $25950!  Vehicle Options:Cylinders-6; Horsepower-227@6800; Torque-206@3000; Drive Type Code-AWD; Acceleration-0-60 In 7.1 Seconds; Center Console-Front Console With Storage; Steering Adjustment-Tilt And Telescopic; Steering Power-Power Steering; Steering Wheel Ctrl-Audio And Cruise Controls; Center Console Trim-Wood; Dash Trim-Wood; Rearview Mirror-Auto-dimming; Shift Knob-Wood; Steering Wheel Trim-Leather And Wood; Transmission-5-Speed Automatic; Cam Type-Double Overhead Cam (DOHC); Size-3.0L; Type-Gas; Valves-24; Audio System-AM/FM CD; Premium Brand-Alpine; Drvr Seat Power-8-way Power; Type-Bucket Front Seats; Upholstery-Leather; Mirrors Heated-Heated Mirrors; Quantity-Bench Rear Seat; Front Wipers-Intermittent; Sunroof-Power Glass; Airbags Head-Front And Rear Head Airbags; Airbags Side-Front Side-mounted Airbags; Headlights Dusksensor-Dusk Sensing; Please call Bob Hanley with questions about this vehicle.  You can also view our full inventory on our website www.texascarsdirect.com.  Our showroom is located at 2718 Forest Lane Dallas$TX 75234. 	NULL	Jaguar	23	NULL
31	1999	Saturn SC2	HURST	TX	5991	81933	Black	Dealer	4	Yes	Yes	No	No	No	No	No	No	No	Yes	No	No	No	No	No	Yes	Yes	Yes	No	No	Yes	Yes	Yes	No	Yes	Yes	No	Yes	Yes	Yes	No	No	Power Windows Power Sunroof Air Conditioning Power Mirror(s) Rear Spoiler Power Brakes Cruise Control 16 Valve Dual Overhead Cam Eng Power Steering 15' Alloy Wheels Fog Lights AM-FM Stereo Security System Air ConditioningFront Wheel DriveManual TransmissionPower BrakesPower SteeringTilt Steering Wheel 	NULL	Saturn	31	NULL
42	1999	Ford Expedition DOOR	ARLINGTON	TX	8995	153505	Blue	Dealer	8	NO	Yes	No	No	No	No	No	No	No	No	No	Yes	No	No	Yes	Yes	Yes	Yes	No	No	Yes	Yes	No	No	No	No	No	Yes	Yes	No	No	No	STANDARD FEATURES: air conditioning cruise control power door locks w/keyless entry power steering power brakes split front bench seat velour/cloth seats power windows power mirrors power driver seat lighted entry system power door locks tilt steering wheel chrome bumpers styled steel wheels intermittent wipers luggage rack rear window defroster rear window wiper tachometer 	NULL	Ford	42	NULL
43	2004	Ford Freestar	ARLINGTON	TX	17991	22864	White	Dealer	6	NO	Yes	Yes	No	No	No	No	No	No	Yes	No	Yes	No	No	Yes	Yes	Yes	Yes	No	No	Yes	Yes	No	No	No	No	No	Yes	Yes	No	No	No	STANDARD FEATURES: fwd air conditioning cruise control power door locks w/keyless entry power steering power brakes sliding driver side door bucket seats rear bench seat third seat velour/cloth seats power windows privacy glass power mirrors alarm system power driver seat lighted entry system digital clock fog lights power door locks tilt steering wheel intermittent wipers luggage rack rear heater rear window defroster rear window wiper tachometer 	NULL	Ford	43	NULL
3673	2001	Volkswagen Passat GLX	DALLAS	TX	16990	39100	Blue	Dealer	6	NO	No	No	No	No	No	No	No	No	No	No	No	No	No	No	No	No	No	No	No	No	No	No	No	No	No	No	No	No	No	No	No	** One Owner Lease Return**No haggle transaction    1-888-895-0818                                   www.budgetcarsalesdallas.com 	NULL	Volkswagen	3673	NULL
3675	2002	Acura TYPE-S SEDAN	DALLAS	TX	17999	44070	White	Dealer	6	NO	No	No	No	No	No	No	No	No	No	No	No	No	No	No	No	No	No	No	No	No	No	No	No	No	No	No	No	No	No	No	No	** One Owner Lease Return**No haggle transaction    1-888-895-0818                                   www.budgetcarsalesdallas.com 	NULL	Acura	3675	NULL
24	2000	Ford F150 SUPERCAB	GARLAND	TX	10131	81928	White	Dealer	6	Yes	Yes	No	Yes	No	No	No	No	Yes	No	No	Yes	No	Yes	Yes	Yes	Yes	Yes	No	No	Yes	Yes	No	Yes	No	No	No	Yes	Yes	Yes	No	No	XLT Single Compact Disc Air Conditioning Power Door Locks Cruise Control Alloy Wheels AM/FM Stereo Dual Front Air Bags Power Steering Power Windows Tilt Wheel Bug Deflector Gas-pressurized shock absorbers Pwr steering 4-pin trailer tow wiring 3800# capacity rear axle Pwr front disc/rear drum brakes 58 amp-hour (540 CCA) maintenance-free battery w/battery-saver feature 6000# GVWR/1795# maximum payload Rear-wheel anti-lock brake system {Upgraded by Base PEP} 25.0 gallon fuel tank 130 amp alternator 6-1/2' pickup box w/tie-down hooks 3450# capacity twin forged SLA front axle Front coil/rear leaf spring suspension Color-keyed door handles Removable locking tailgate w/black handle Quarter/side window privacy glass Chrome front/rear step bumper Chrome headlamp surround & grille w/storm gray egg crate insert Color-keyed door moldings Cargo box light Dual pwr aero mirrors w/chrome caps Rear quarter window flip-out glass Speed-dependent interval wipers Box-rail/tailgate moldings Dual rear access doors Tachometer Securilock anti-theft ignition Dual instrument-panel-mounted cupholders Auxiliary pwr point in instrument panel Color-keyed headliner Cloth sun visors w/dual covered mirrors Color-keyed carpeting Tilt steering column Pwr door locks Speed control Dual A-pillar grab handles Underhood light Voltmeter oil pressure/temp/speedometer/fuel gauges Matching flip-up split bench rear seat Dome light w/dual map lights Adjustable shoulder belts Side door intrusion beams 	NULL	Ford	24	NULL
29	2003	Ford F150 SUPERCREW	RICHARDSON	TX	19995	18756	Silver	Dealer	8	Yes	Yes	No	Yes	No	No	Yes	Yes	Yes	No	No	Yes	No	Yes	Yes	Yes	Yes	Yes	No	No	Yes	Yes	No	Yes	No	No	No	Yes	Yes	Yes	No	No	In Order To recieve the Internet Discount Print this Add and Present to: Billy Tait Pre owned Internet Manager Air Conditioning Dual Front Air Bags Cruise Control AM/FM Stereo Single Compact Disc Alloy Wheels XLT Tilt Wheel ABS (4-Wheel) Bed Liner Power Steering Power Windows Power Door Locks Cassette Dual black pwr mirrors Rear compartment privacy glass Removable locking tailgate w/black handle Color-keyed door moldings Cargo box light Body-color door handles Chrome headlamp surround & grille w/grey egg crate insert Speed-dependent interval wipers (4) full-size doors Chrome front/rear step bumper Tilt steering column Remote keyless entry-inc: (2) key fobs illuminated entry Speed control Securilock anti-theft ignition Manual air conditioning Auxiliary pwr points-inc: (1) instrument panel (1) rear seat Pwr adjustable accelerator/brake pedals Pwr door locks Dual covered visor vanity mirrors Lights-inc: dome dual front map dual rear reading underhood Matching fold-down 40/60 split rear bench seat w/head restraints Color-keyed carpeting Color-keyed leather-wrapped steering wheel Cup holders-inc: (2) instrument panel (1) front armrest (2) rear seat Removable instrument panel ash cup Vinyl upper door trim panels w/integral armrest front/rear map pockets Instrumentation-inc: tachometer speedometer voltmeter Dual front/rear grab handles Cloth sun visors Front/rear outboard height-adjustable shoulder belts (1) front passenger seat integrated child seat tether (3) rear seat integrated child seat tethers (LATCH) 	NULL	Ford	29	NULL
59	2004	Chevrolet Malibu CLASSIC	DALLAS	TX	9993	28684	White	Dealer	4	Yes	Yes	No	No	Yes	Yes	No	Yes	Yes	No	No	No	No	Yes	Yes	Yes	Yes	Yes	No	No	Yes	Yes	No	Yes	No	No	No	Yes	Yes	No	No	No	great car great transportationSTANDARD FEATURES: fwd air conditioning power steering power brakes bucket seats rear bench seat power windows automatic on/off headlights digital clock power door locks remote trunk release tilt and telescopic steering wheel center console daytime running lights intermittent wipers rear window defroster tachometer am/fm/in dash single cd player child safety locks cloth seats cruise control driver airbag passenger airbag power mirrors 	NULL	Chevrolet	59	NULL
33	2003	Jaguar XK8 CONVERTIBLE	DALLAS	TX	44950	7608	Red	Dealer	8	Yes	Yes	Yes	Yes	No	No	Yes	No	Yes	Yes	Yes	Yes	No	Yes	Yes	Yes	Yes	Yes	Yes	Yes	No	No	No	Yes	No	No	Yes	Yes	Yes	Yes	Yes	No	This 2003 Jaguar XK8 4.2 Convertible Convertible 2dr Convertible features a 4.2L V8 8cyl GAS powered engine. It is equipped with a automatic transmission. The vehicle is Phoenix Red with a Tan Leather interior. It is offered with the remaining factory warranty. Air Conditioning Cassette Player AM-FM Anti-lock Brake System Passenger Side Airbag Compact Disc Changer Traction Control Climate Control Cruise Control Driver Side Airbag Fog Lamps Heated Seat Intermittent Wipers Keyless Entry Power Door Locks Power Mirrors Powered Driver Seat Power Steering Power Passenger Seat Power Windows Traction Control System Alarm System Side Curtain Airbags Steering Wheel Radio Controls Tilt Steering Column Alloy Wheels Leather Interior Surface Alpine Premium Sound System - Contact Bob Hanley for more information. Toll-Free: 800-YES-JAGS or Phone: 972-243-3400 or Email: bob@texascarsdirect.com FAX: 972-243-3500 	NULL	Jaguar	33	NULL
55	2002	Acura SEDAN	DALLAS	TX	16950	37000	Silver	Dealer	6	NO	No	No	No	No	No	No	No	No	No	No	No	No	No	No	No	No	No	No	No	No	No	No	No	No	No	No	No	No	No	No	No	This is a super nice 3.2 TL which still carries factory warranty  silverish light blue on black leather  real clean in and out  drives great  shop around and compare ( SORRY  NO INHOUSE FINANCING ) .... please call andy at   972-406-9220   or   cell 214-773-3966 .... AND REMEMBER  WE HAVE BEEN IN BUSINESS SINCE 1982 AND STILL AROUND !!!!!!!! 	NULL	Acura	55	NULL
39	2004	Ford Explorer DOOR	ARLINGTON	TX	5995	100115	Red	Dealer	6	Yes	Yes	No	Yes	No	No	Yes	No	Yes	Yes	No	Yes	No	Yes	Yes	Yes	Yes	Yes	No	No	Yes	Yes	No	Yes	No	No	No	Yes	Yes	Yes	No	No	antilock brakes cruise control 5-speed manual am/fm bucket front seats tilt-adjustable rear defogger am/fm/cassette audio system passenger airbag power mirrors intermittent 4.0l  v6  12 valve overhead valves (ohv) remote trunk release power steering air conditioning leather-wrapped four wheel antilock brk skid plates vinyl tachometer power door locks power windows privacy glass rear window wiper abs alloy rims automatic 5-speed transmission bucket seats captain chairs (2) center console chrome wheels keyless entry system luggage rack side steps 	NULL	Ford	39	NULL
3680	2001	Saab SE	DALLAS	TX	16990	44190	Black	Dealer	6	NO	No	No	No	No	No	No	No	No	No	No	No	No	No	No	No	No	No	Yes	No	No	No	No	No	No	No	No	No	No	No	No	No	** One Owner Lease Return**No haggle transaction    1-888-895-0818                                   www.budgetcarsalesdallas.com 	NULL	Saab	3680	NULL
3683	2001	Acura SEDAN	DALLAS	TX	17999	25413	White	Dealer	6	NO	No	No	No	No	No	No	No	No	No	No	No	No	No	No	No	No	No	No	No	No	No	No	No	No	No	No	No	No	No	No	No	** One Owner Lease Return**No haggle transaction    1-888-895-0818                                   www.budgetcarsalesdallas.com 	NULL	Acura	3683	NULL
3685	2004	Volkswagen Touareg V6	DALLAS	TX	28999	8973	Silver	Dealer	6	NO	No	No	No	No	No	No	No	No	No	No	No	No	No	No	No	No	No	No	No	No	No	No	No	No	No	No	No	No	No	No	No	** One Owner Lease Return** No haggle transaction 1-888-895-0818 	NULL	Volkswagen	3685	NULL
34	2002	Ford Explorer XLS DOOR	RICHARDSON	TX	16995	14936	Brown	Dealer	6	Yes	Yes	No	Yes	No	No	No	No	Yes	No	No	Yes	No	Yes	Yes	Yes	Yes	Yes	No	No	Yes	Yes	Yes	Yes	No	No	No	Yes	Yes	Yes	No	Yes	Power Windows Power Door Locks Cruise Control Single Compact Disc Privacy Glass Towing Pkg Power Steering Tilt Wheel ABS (4-Wheel) Roof Rack Alloy Wheels XLS Air Conditioning AM/FM Stereo Dual Front Air Bags step-up tube bars Hood assist gas cylinders HD gas shock absorbers 130-amp alternator 2510# capacity front/2900# capacity rear springs (2001) Front/rear stabilizer bars Pwr rack & pinion steering 4-wheel anti-lock braking system 3.73 limited-slip axle Class II trailer towing w/receiver hitch-inc: 3500# capacity 4-pin connector 2560# capacity front axle/3000# capacity rear axle LEV emissions certification 72 amp/hr maintenance-free battery w/battery saver feature Independent short/long arm front/rear suspension w/coil springs Pwr 4-wheel disc brakes 22.5 gallon fuel tank Metallic color-keyed front/rear bumpers Body-color body-side moldings Black-out B-pillar treatment Privacy glass-inc: rear door/rear quarter/liftgate windows Speed-sensitive dual intermittent windshield wipers Hood/instrument panel sound insulation Medium platinum grille w/integral chrome surround Rear window dual intermittent wiper/washer Black-grained door handles Black roof rails Dual black pwr folding mirrors Solar-tinted glass-inc: windshield front door windows Fixed antenna Front pwr point Manual day/night rearview mirror Color-keyed molded cloth headliner Soft release parking brake Cargo management system Split-folding rear seat w/head restraints Color-keyed full-length carpet Color-keyed plastic scuff plates on all doors & liftgate Warning chimes-inc: headlights-on key-in-ignition safety belt door ajar Pwr door locks-inc: illuminated controls cargo area lock/unlock button Speed control w/fingertip controls Air conditioning Illuminated glove box w/color-keyed latch Illuminated entry (4) load floor tie-down hooks 5-passenger seating Cloth front captains chairs Tilt steering wheel Securilock passive anti-theft system Pwr accesso> 	NULL	Ford	34	NULL
36	2003	Chevrolet S10 Pickup REGULAR CAB	CARROLLTON	TX	10950	39851	White	Dealer	4	Yes	Yes	No	Yes	No	No	No	No	Yes	No	No	Yes	No	Yes	No	Yes	Yes	Yes	No	No	Yes	Yes	No	Yes	No	No	No	No	Yes	Yes	No	No	Air Conditioning Alloy Wheels AM/FM Stereo Power Steering ABS (4-Wheel) Dual Front Air Bags Bed Liner Battery heavy-duty 525 cold-cranking amps-inc: rundown protection GVWR 4200 lbs. (1905 kg) Suspension Package Solid Smooth Ride Suspension rear semi-floating axle w/2-stage multi-leaf springs Steering power 18 gallon fuel tank Rear axle 3.73 ratio Alternator 100 amps Brakes 4-wheel antilock front disc/rear drum Daytime running lamps-inc: automatic exterior lamp control Wipers intermittent front-inc: pulse washers Bumpers front and rear Dark Gray rear step-inc: pad Mirror inside rearview manual day/night-inc: dual reading lights Floor covering rubberized vinyl Assist handle front passenger Theft-deterrent system PASSLock Sound system ETR AM/FM stereo-inc: seek-&-scan & digital clock Power outlet auxiliary covered (1) 12-volt Visors padded color-keyed Air conditioning front manual Lighting w/delayed entry 	NULL	Chevrolet	36	NULL
